feature,importance
feature_8,0.14884467573109803
feature_1,0.1435201210518693
feature_3,0.12773469004566076
feature_2,0.12285929657659227
feature_7,0.09269856251757282
feature_4,0.0907493450080402
feature_5,0.08885384517213618
feature_0,0.08809589400295617
feature_6,0.05233490384569737
feature_9,0.04430866604837684
