{
    "accuracy": 0.7263259731390849,
    "precision": 0.18431763766959297,
    "recall": 0.6977341389728097,
    "f1_score": 0.29160353535353534,
    "roc_auc": 0.7888105548379309
}