{
    "accuracy": 0.8992715684042796,
    "precision": 0.43492063492063493,
    "recall": 0.8277945619335347,
    "f1_score": 0.5702393340270552,
    "roc_auc": 0.9505649153712153
}