{
    "accuracy": 0.7666742544957887,
    "precision": 0.21501017278552123,
    "recall": 0.7130412890231621,
    "f1_score": 0.33039359790952144,
    "roc_auc": 0.8319891147400892
}