{
    "accuracy": 0.8198310624044747,
    "precision": 0.27516864878775066,
    "recall": 0.7537764350453172,
    "f1_score": 0.4031617359923515,
    "roc_auc": 0.8814570346334168
}