{
    "accuracy": 0.9351769048161035,
    "precision": 0.5629403249155541,
    "recall": 0.8811178247734139,
    "f1_score": 0.6869761507508098,
    "roc_auc": 0.9744942637178255
}