{
    "accuracy": 0.979248642320575,
    "precision": 0.8190546209401894,
    "recall": 0.9536253776435045,
    "f1_score": 0.881232115022218,
    "roc_auc": 0.9954282997591736
}