{
    "accuracy": 0.8464643426230042,
    "precision": 0.3169919280678451,
    "recall": 0.781067472306143,
    "f1_score": 0.4509630060324152,
    "roc_auc": 0.9076873656925396
}