{
    "accuracy": 0.9846590354785211,
    "precision": 0.868370431437208,
    "recall": 0.9546827794561934,
    "f1_score": 0.9094833789034393,
    "roc_auc": 0.9969972003290771
}