{
    "accuracy": 0.9720090403564112,
    "precision": 0.7683905668183699,
    "recall": 0.9351460221550856,
    "f1_score": 0.8436066318419261,
    "roc_auc": 0.9928560296253515
}