{
    "accuracy": 0.7693611589866997,
    "precision": 0.21868277724380977,
    "recall": 0.7217522658610271,
    "f1_score": 0.33566335312093853,
    "roc_auc": 0.8334980649519309
}