{
    "accuracy": 0.931172969984716,
    "precision": 0.5475726262429323,
    "recall": 0.8484894259818732,
    "f1_score": 0.6656001895959237,
    "roc_auc": 0.9713971973384058
}