{
    "accuracy": 0.7682961529706351,
    "precision": 0.21783787890298564,
    "recall": 0.7219033232628399,
    "f1_score": 0.33468339655675516,
    "roc_auc": 0.8327277620207931
}