{
    "accuracy": 0.9187953237293096,
    "precision": 0.4982637343068293,
    "recall": 0.8453172205438066,
    "f1_score": 0.6269676768808471,
    "roc_auc": 0.9635425076816524
}