{
    "accuracy": 0.6960545998504114,
    "precision": 0.16602401138533773,
    "recall": 0.6872608257804632,
    "f1_score": 0.2674412908661618,
    "roc_auc": 0.7600034520522979
}