{
    "accuracy": 0.7946042405125037,
    "precision": 0.24395986041308376,
    "recall": 0.7356998992950654,
    "f1_score": 0.3664154681446001,
    "roc_auc": 0.8581184271469882
}