{
    "accuracy": 0.8703009658222497,
    "precision": 0.3652852637935276,
    "recall": 0.8224068479355489,
    "f1_score": 0.5058770693633563,
    "roc_auc": 0.932262954652178
}