{
    "accuracy": 0.9595907450164223,
    "precision": 0.6781621582785501,
    "recall": 0.9505538771399799,
    "f1_score": 0.791580183240036,
    "roc_auc": 0.9879337551070524
}