{
    "accuracy": 0.976187766251504,
    "precision": 0.794481366198368,
    "recall": 0.9510574018126888,
    "f1_score": 0.8657468946234588,
    "roc_auc": 0.994257557247443
}