{
    "accuracy": 0.8188392247406588,
    "precision": 0.27361688870970696,
    "recall": 0.7518126888217522,
    "f1_score": 0.4012145803383089,
    "roc_auc": 0.8807485262928192
}