{
    "accuracy": 0.8097216350687783,
    "precision": 0.2621611126800339,
    "recall": 0.7478851963746224,
    "f1_score": 0.38823252653039886,
    "roc_auc": 0.8727040465671216
}