{
    "accuracy": 0.9134377743813209,
    "precision": 0.47981999718745605,
    "recall": 0.8590130916414904,
    "f1_score": 0.615717765947848,
    "roc_auc": 0.9613855229438196
}