{
    "accuracy": 0.6978594192058795,
    "precision": 0.16760035638875667,
    "recall": 0.6914400805639477,
    "f1_score": 0.269802442211154,
    "roc_auc": 0.7617981102341502
}