{
    "accuracy": 0.7334192383987512,
    "precision": 0.189526150670234,
    "recall": 0.7026686807653575,
    "f1_score": 0.2985314094404809,
    "roc_auc": 0.7982707529568147
}