{
    "accuracy": 0.8709310266332803,
    "precision": 0.3671819156540386,
    "recall": 0.827693856998993,
    "f1_score": 0.5086959212725134,
    "roc_auc": 0.9326896670310512
}