{
    "accuracy": 0.8452082859094013,
    "precision": 0.3140664544044412,
    "recall": 0.7748237663645519,
    "f1_score": 0.44696177529917513,
    "roc_auc": 0.9068809213266233
}