{
    "accuracy": 0.9916913271113135,
    "precision": 0.9072414738959496,
    "recall": 0.9992447129909365,
    "f1_score": 0.9510231465951023,
    "roc_auc": 0.9989891297112581
}