{
    "accuracy": 0.9898865077558453,
    "precision": 0.8978928080622995,
    "recall": 0.9869587109768378,
    "f1_score": 0.9403214200047973,
    "roc_auc": 0.9985736808881728
}