{
    "accuracy": 0.8600411368735976,
    "precision": 0.34211723913750136,
    "recall": 0.7949144008056395,
    "f1_score": 0.47835770017422924,
    "roc_auc": 0.9214295563487811
}