{
    "accuracy": 0.9194009950895906,
    "precision": 0.5004761904761905,
    "recall": 0.8467270896273917,
    "f1_score": 0.629105873550318,
    "roc_auc": 0.964099432937366
}