{
    "accuracy": 0.9894800169100192,
    "precision": 0.8951679326439096,
    "recall": 0.9850453172205438,
    "f1_score": 0.9379584791676655,
    "roc_auc": 0.9984013084961907
}