{
    "accuracy": 0.9320794445709083,
    "precision": 0.5464352029237526,
    "recall": 0.9335347432024169,
    "f1_score": 0.68936027812378,
    "roc_auc": 0.9745521574327152
}