{
    "accuracy": 0.8772722838281682,
    "precision": 0.3785898942420682,
    "recall": 0.8111278952668681,
    "f1_score": 0.5162313731773754,
    "roc_auc": 0.9351667248502754
}