{
    "accuracy": 0.6834615134467171,
    "precision": 0.15683305135880174,
    "recall": 0.667472306143001,
    "f1_score": 0.25398771830662076,
    "roc_auc": 0.7394687529039481
}