{
    "accuracy": 0.7324924392702676,
    "precision": 0.18897477899467963,
    "recall": 0.7028700906344411,
    "f1_score": 0.29786507623203556,
    "roc_auc": 0.7972323567802857
}