{
    "accuracy": 0.7915067802673084,
    "precision": 0.24053558751176343,
    "recall": 0.7335850956696878,
    "f1_score": 0.3622822613733852,
    "roc_auc": 0.859229589126824
}