{
    "accuracy": 0.9889068648174043,
    "precision": 0.891315272511307,
    "recall": 0.9823766364551864,
    "f1_score": 0.9346331648662244,
    "roc_auc": 0.9981942004987028
}