{
    "accuracy": 0.6691936847582193,
    "precision": 0.15195573709281407,
    "recall": 0.676233635448137,
    "f1_score": 0.2481499616596299,
    "roc_auc": 0.7320997672415186
}