{
    "accuracy": 0.667901043868492,
    "precision": 0.15150524666659151,
    "recall": 0.6768378650553877,
    "f1_score": 0.24758940165587612,
    "roc_auc": 0.7322216023644721
}