{
    "accuracy": 0.7330859159051738,
    "precision": 0.18940801518953007,
    "recall": 0.7032225579053374,
    "f1_score": 0.29843474544580373,
    "roc_auc": 0.7976481618477227
}