{
    "accuracy": 0.7220009105394947,
    "precision": 0.17983902889563266,
    "recall": 0.6863041289023162,
    "f1_score": 0.2849973863042342,
    "roc_auc": 0.7830448241694551
}