{
    "accuracy": 0.9324859354167344,
    "precision": 0.5518285878264196,
    "recall": 0.8714501510574019,
    "f1_score": 0.6757511274232278,
    "roc_auc": 0.9728943193471624
}