{
    "accuracy": 0.9531519300185359,
    "precision": 0.6460589492867908,
    "recall": 0.928197381671702,
    "f1_score": 0.761845721488645,
    "roc_auc": 0.9845147520429767
}