{
    "accuracy": 0.7274804071412312,
    "precision": 0.18604774959410184,
    "recall": 0.7039274924471299,
    "f1_score": 0.2943095934822425,
    "roc_auc": 0.7922191230596417
}