{
    "accuracy": 0.9413108516796201,
    "precision": 0.5897563236657396,
    "recall": 0.8969284994964754,
    "f1_score": 0.7116091403004154,
    "roc_auc": 0.977944709131029
}