{
    "accuracy": 0.7313054860004553,
    "precision": 0.18886840440849942,
    "recall": 0.7066968781470292,
    "f1_score": 0.29807477885973394,
    "roc_auc": 0.7964331815803645
}