{
    "accuracy": 0.9703708822477318,
    "precision": 0.7503684524995021,
    "recall": 0.948539778449144,
    "f1_score": 0.8378961414433448,
    "roc_auc": 0.9921833975401433
}