{
    "accuracy": 0.8790405190075119,
    "precision": 0.3829671499184069,
    "recall": 0.8153575025176234,
    "f1_score": 0.5211528249360347,
    "roc_auc": 0.9369082665539937
}