{
    "accuracy": 0.9880125849565867,
    "precision": 0.8849533348508991,
    "recall": 0.9787512588116818,
    "f1_score": 0.9294919306634788,
    "roc_auc": 0.9979788741666755
}