{
    "accuracy": 0.9174091899450424,
    "precision": 0.493702216599747,
    "recall": 0.9039274924471299,
    "f1_score": 0.6386112198071928,
    "roc_auc": 0.9659491987806256
}