{
    "accuracy": 0.9369329452700725,
    "precision": 0.5703598147488422,
    "recall": 0.8867573011077543,
    "f1_score": 0.694207383172044,
    "roc_auc": 0.9755094951053896
}