{
    "accuracy": 0.9639036128906378,
    "precision": 0.701512259580091,
    "recall": 0.9623363544813696,
    "f1_score": 0.8114809782608696,
    "roc_auc": 0.9900704361433691
}