{
    "accuracy": 0.7259601313778413,
    "precision": 0.18446614825234214,
    "recall": 0.6999496475327291,
    "f1_score": 0.29198260833035766,
    "roc_auc": 0.789622686867574
}