{
    "accuracy": 0.673262658124939,
    "precision": 0.15503875968992248,
    "recall": 0.6847935548841894,
    "f1_score": 0.25283509946086635,
    "roc_auc": 0.7378391603197727
}