{
    "accuracy": 0.7299030925823551,
    "precision": 0.18764415598347906,
    "recall": 0.7045820745216516,
    "f1_score": 0.2963614029142664,
    "roc_auc": 0.7968266579197991
}