{
    "accuracy": 0.9438798738252414,
    "precision": 0.601816347124117,
    "recall": 0.9009063444108761,
    "f1_score": 0.7215970961887477,
    "roc_auc": 0.9794003162042675
}