{
    "accuracy": 0.8566916523039901,
    "precision": 0.3354215218832182,
    "recall": 0.7899295065458207,
    "f1_score": 0.4708919271810419,
    "roc_auc": 0.9183251620230483
}