{
    "accuracy": 0.8386353289323925,
    "precision": 0.30275430048722285,
    "recall": 0.7665659617321249,
    "f1_score": 0.43407227885095157,
    "roc_auc": 0.8986093600959052
}