{
    "accuracy": 0.9776551982049364,
    "precision": 0.7946981821166236,
    "recall": 0.9751258811681772,
    "f1_score": 0.875715028601144,
    "roc_auc": 0.9950437611452158
}