{
    "accuracy": 0.9473025267470977,
    "precision": 0.6232925695487378,
    "recall": 0.8776938569989929,
    "f1_score": 0.7289340526073684,
    "roc_auc": 0.9811010474456736
}