{
    "accuracy": 0.9904434002146272,
    "precision": 0.8946846400072134,
    "recall": 0.9992447129909365,
    "f1_score": 0.9440783996574773,
    "roc_auc": 0.9986782998348754
}