{
    "accuracy": 0.9793340053981985,
    "precision": 0.8200207918218834,
    "recall": 0.9532225579053374,
    "f1_score": 0.8816187770688771,
    "roc_auc": 0.9953250959931578
}