{
    "accuracy": 0.6728886865467789,
    "precision": 0.1533128946645923,
    "recall": 0.6748237663645519,
    "f1_score": 0.24986017375741082,
    "roc_auc": 0.7346610417821009
}