{
    "accuracy": 0.8935237878442978,
    "precision": 0.4181569154434567,
    "recall": 0.8147532729103726,
    "f1_score": 0.5526675319352414,
    "roc_auc": 0.9456138282550611
}