{
    "accuracy": 0.7699708952554388,
    "precision": 0.21923588496995827,
    "recall": 0.7220543806646526,
    "f1_score": 0.33634732434999826,
    "roc_auc": 0.8336440538872306
}