{
    "accuracy": 0.8692440896231017,
    "precision": 0.36074588698544885,
    "recall": 0.8026686807653575,
    "f1_score": 0.4977751409077425,
    "roc_auc": 0.9277082002872006
}