{
    "accuracy": 0.9638385743553055,
    "precision": 0.717833584995629,
    "recall": 0.9096173212487412,
    "f1_score": 0.8024252654022119,
    "roc_auc": 0.9892621172642052
}